"kind";"domain";"key";"backend_meaning";"ui_label";"ui_title";"ui_summary";"ui_primary_text";"ui_secondary_text";"ui_cta_label";"ui_chip_label";"ui_icon_key";"ui_tone";"notes";"data_type";"unit";"asset_path"
"ACTION";"CAMPAIGN";"CAMPANHA: ANCORAGEM PRECO";"Campaign action label (recommendation.action)";"Ancoragem de Preco";"Ancoragem de Preco";"Ação de campanha sugerida para este SKU.";"Ancore preco para reforcar percepcao de valor e proteger margem.";"Use o SKU como referencia de preco e monitore elasticidade.";"Abrir plano de campanha";"Campanha";"campaign_action";"";"";"";"";""
"ACTION";"CAMPAIGN";"CAMPANHA: BUNDLE MIX";"Bundle/mix";"Bundle Mix";"Bundle Mix";"Bundle/mix";"Crie bundles/mix para elevar conversao sem depender so de desconto.";"Combine itens de alta e baixa saida para melhorar giro total.";"Abrir plano de campanha";"Campanha";"campaign_action";"";"";"";"";""
"ACTION";"CAMPAIGN";"CAMPANHA: LIBERAR CAPITAL";"Liberar capital";"Liberar Capital";"Liberar Capital";"Liberar capital";"Converta estoque em caixa com campanha focada em liberar capital.";"Priorize SKUs com maior capital imobilizado e baixo giro.";"Abrir plano de campanha";"Campanha";"campaign_action";"";"";"";"";""
"ACTION";"CAMPAIGN";"CAMPANHA: LIQUIDACAO PROGRESSIVA";"Vender em fases";"Liquidacao Progressiva";"Liquidacao Progressiva de Estoque";"Liquide o estoque em etapas para reduzir capital parado com controle de margem.";"Liquide o estoque em etapas para reduzir capital parado com controle de margem.";"Defina fases de desconto e metas de giro ate normalizar a cobertura.";"Abrir plano de campanha";"Campanha";"campaign_action";"";"";"";"";""
"ACTION";"CAMPAIGN";"CAMPANHA: OPORTUNIDADE COMPETITIVA";"Campaign action label (recommendation.action)";"Oportunidade Competitiva";"Oportunidade Competitiva";"Ação de campanha sugerida para este SKU.";"Aproveite a janela competitiva com campanha pontual.";"Ajuste intensidade conforme preco de mercado e estoque.";"Abrir plano de campanha";"Campanha";"campaign_action";"";"";"";"";""
"ACTION";"CAMPAIGN";"CAMPANHA: OUTLET";"Campanha outlet";"Outlet";"Outlet";"Campanha outlet";"Direcione itens de baixa tracao para outlet e acelere a saida com preco agressivo.";"Use limites de desconto e acompanhe impacto em margem/estoque.";"Abrir plano de campanha";"Campanha";"campaign_action";"";"";"";"";""
"ACTION";"CAMPAIGN";"CAMPANHA: REATIVACAO SELETIVA";"Campaign action label (recommendation.action)";"Reativacao Seletiva";"Reativacao Seletiva";"Ação de campanha sugerida para este SKU.";"Reative a venda com campanha seletiva e segmentada.";"Foque em publicos/canais com historico de resposta positiva.";"Abrir plano de campanha";"Campanha";"campaign_action";"";"";"";"";""
"ACTION";"CAMPAIGN";"CAMPANHA: TESTE DE DEMANDA";"Testar conversao";"Teste de Demanda";"Teste de Demanda";"Testar conversao";"Valide demanda com teste controlado antes de escalar.";"Use janela curta e metricas de resposta para decidir escala.";"Abrir plano de campanha";"Campanha";"campaign_action";"";"";"";"";""
"ACTION";"CAMPAIGN";"CAMPANHA: TRACAO";"Aumentar tracao";"Tracao Comercial";"Tracao Comercial";"Aumentar tracao";"Aumente tracao com campanha tatica para recuperar demanda.";"Teste canais e mensagens com guardrails de desconto.";"Abrir plano de campanha";"Campanha";"campaign_action";"";"";"";"";""
"ACTION";"DATA_QUALITY";"CHECK_DATA";"Checar qualidade/cobertura de dados";"Revisar qualidade de dados";"Revisar qualidade de dados";"Há sinais de cobertura/qualidade insuficiente para decisões automáticas.";"Revise vendas, custos e estoque deste SKU para aumentar a confiabilidade das recomendações.";"Após corrigir dados, reexecute o Analytics para atualizar scores e recomendações.";"Abrir checklist de dados";"Dados";"diagnostic_trace";"";"";"";"";""
"ACTION";"GENERIC";"AJUSTAR_ESTRATEGIA";"Acao operacional (index_row.actions/top_actions)";"Ajustar estratégia";"Ajustar estratégia";"Ação operacional sugerida pelo Analytics.";"Reveja a estratégia para este SKU.";"Use alertas e impactos para decidir o que ajustar.";"Abrir detalhes";"Geral";"action_needed";"";"";"";"";""
"ACTION";"GENERIC";"AJUSTAR_PRECO_BAIXAR";"Acao operacional (index_row.actions/top_actions)";"Abaixar Preço";"Abaixar Preço para Maior Competitividade";"Sinal de preço acima do mercado.";"Preco atual acima da media do mercado. Reduzir em {discount_pct} para ficar competitivo.";"Aplicar o preco-alvo com piso de contribuicao para proteger margem.";"Abrir simulador";"Preço";"pricing_action";"";"";"";"";""
"ACTION";"GENERIC";"AJUSTAR_PRECO_SUBIR";"Acao operacional (index_row.actions/top_actions)";"Aumentar Preço";"Aumentar Preço para Maior Margem";"Sinal de preço baixo (oportunidade de margem).";"Preco atual abaixo da media do mercado. Aumentar em {discount_pct} para capturar margem.";"Valide elasticidade e evite ruptura antes de aplicar.";"Abrir simulador";"Preço";"pricing_action";"";"";"";"";""
"ACTION";"GENERIC";"AUMENTAR_EXPOSICAO";"Detectado em index_row.actions/top_actions (classificar)";"Aumentar exposição";"Aumentar exposição";"Melhorar visibilidade e conversão do SKU.";"Aumente a exposição (posição, destaque, canais).";"Valide se há estoque e margem para sustentar a ação.";"Planejar ação";"Portfólio";"action_needed";"";"";"";"";""
"ACTION";"GENERIC";"LIBERAR_CAPITAL";"Detectado em index_row.actions/top_actions (classificar)";"Liberar capital";"Liberar capital";"Reduzir capital imobilizado em estoque.";"Planeje ações para reduzir estoque e liberar caixa.";"Combine campanha, mix e ajuste de compra conforme excesso.";"Ver ações";"Estoque";"action_needed";"";"";"";"";""
"ACTION";"GENERIC";"REDUZIR_IMOBILIZACAO";"Detectado em index_row.actions/top_actions (classificar)";"Reduzir Capital em Estoque Parado";"Reduzir Capital em Estoque Parado";"Liberar capital imobilizado em itens com baixa tracao e cobertura excessiva.";"Reduza o excesso de estoque em fases e revise compras para liberar capital com controle de margem.";"Reduza o excesso de estoque em fases e revise compras para liberar capital com controle de margem.";"Ver plano de desimobilizacao";"Estoque";"action_needed";"";"";"";"";""
"ACTION";"GENERIC";"REVER_COMPRAS";"Detectado em index_row.actions/top_actions (classificar)";"Rever compras";"Rever compras";"Ajustar política de compras/reposição.";"Revise pedido mínimo, frequência e alvos de estoque.";"Alinhe com demanda diária e janela 6M/3M.";"Abrir compras";"Reposição";"action_needed";"";"";"";"";""
"ACTION";"GENERIC";"TESTAR_CAMPANHA";"Acao operacional (index_row.actions/top_actions)";"Testar campanha";"Testar campanha";"Executar teste controlado de campanha.";"Faça um teste com guardrails e monitore resultado.";"Use desconto máximo e piso de preço antes de publicar.";"Abrir plano";"Campanha";"campaign_action";"";"";"";"";""
"ACTION";"PORTFOLIO";"PORTFOLIO::ANCORA";"Portfolio role: ANCORA";"Proteger SKU Ancora (Preco e Disponibilidade)";"Proteger SKU Ancora (Preco e Disponibilidade)";"SKU âncora: importante para percepção de preço/linha (atenção a guardrails).";"SKU âncora: importante para percepção de preço/linha (atenção a guardrails).";"Use a classificação como contexto. a decisão final vem das recomendações e métricas (janela 6M/3M).";"Ver contexto";"Portfólio";"classification_action";"";"Usar como chip/contexto. evitar como único Hero se houver ação primária.";"";"";""
"ACTION";"PORTFOLIO";"PORTFOLIO::ENCALHE";"Papel: encalhe";"Destravar SKU Encalhado (Giro e Capital)";"Destravar SKU Encalhado (Giro e Capital)";"SKU com baixa tracao e capital imobilizado alto, exige plano de saida para liberar caixa (campanha, ajuste de compras, mix).";"SKU com baixa tracao e capital imobilizado alto, exige plano de saida para liberar caixa (campanha, ajuste de compras, mix).";"Use a classificação como contexto. a decisão final vem das recomendações e métricas (janela 6M/3M).";"Ver contexto";"Portfólio";"classification_action";"";"Usar como chip/contexto. evitar como único Hero se houver ação primária.";"";"";""
"ACTION";"PORTFOLIO";"PORTFOLIO::MARGEM";"Papel: margem";"Priorizar Captura de Margem";"Priorizar Captura de Margem";"SKU orientado a margem: oportunidade de rentabilidade com menor dependência de volume.";"SKU orientado a margem: oportunidade de rentabilidade com menor dependência de volume.";"Use a classificação como contexto. a decisão final vem das recomendações e métricas (janela 6M/3M).";"Ver contexto";"Portfólio";"classification_action";"";"Usar como chip/contexto. evitar como único Hero se houver ação primária.";"";"";""
"ACTION";"PORTFOLIO";"PORTFOLIO::NAO_CLASSIFICAR";"Portfolio role: NAO_CLASSIFICAR";"Revisar Classificacao de Portfolio";"Revisar Classificacao de Portfolio";"Classificação indisponível (dados insuficientes ou regra não aplicável).";"Classificação indisponível (dados insuficientes ou regra não aplicável).";"Use a classificação como contexto. a decisão final vem das recomendações e métricas (janela 6M/3M).";"Ver contexto";"Portfólio";"classification_action";"";"Usar como chip/contexto. evitar como único Hero se houver ação primária.";"";"";""
"ACTION";"PORTFOLIO";"PORTFOLIO::NEUTRO";"Portfolio role: NEUTRO";"Manter SKU em Monitoramento";"Manter SKU em Monitoramento";"SKU estável: manter monitoramento e ajustes pontuais.";"SKU estável: manter monitoramento e ajustes pontuais.";"Use a classificação como contexto. a decisão final vem das recomendações e métricas (janela 6M/3M).";"Ver contexto";"Portfólio";"classification_action";"";"Usar como chip/contexto. evitar como único Hero se houver ação primária.";"";"";""
"ACTION";"PORTFOLIO";"PORTFOLIO::OPORTUNIDADE";"Portfolio role: OPORTUNIDADE";"Escalar SKU de Oportunidade";"Escalar SKU de Oportunidade";"SKU com potencial de crescimento/melhoria (ação recomendada depende dos sinais).";"SKU com potencial de crescimento/melhoria (ação recomendada depende dos sinais).";"Use a classificação como contexto. a decisão final vem das recomendações e métricas (janela 6M/3M).";"Ver contexto";"Portfólio";"classification_action";"";"Usar como chip/contexto. evitar como único Hero se houver ação primária.";"";"";""
"ACTION";"PORTFOLIO";"PORTFOLIO::RISCO_CAPITAL";"Papel: risco capital";"Mitigar Risco de Capital Imobilizado";"Mitigar Risco de Capital Imobilizado";"SKU com risco de capital imobilizado (atenção a cobertura e giro).";"SKU com risco de capital imobilizado (atenção a cobertura e giro).";"Use a classificação como contexto. a decisão final vem das recomendações e métricas (janela 6M/3M).";"Ver contexto";"Portfólio";"classification_action";"";"Usar como chip/contexto. evitar como único Hero se houver ação primária.";"";"";""
"ACTION";"PORTFOLIO";"PORTFOLIO::TRATOR";"Papel: trator";"Sustentar SKU Trator com Competitividade";"Sustentar SKU Trator com Competitividade";"SKU tracionador: sustenta volume e tráfego, exige disponibilidade e preço competitivo.";"SKU tracionador: sustenta volume e tráfego, exige disponibilidade e preço competitivo.";"Use a classificação como contexto. a decisão final vem das recomendações e métricas (janela 6M/3M).";"Ver contexto";"Portfólio";"classification_action";"";"Usar como chip/contexto. evitar como único Hero se houver ação primária.";"";"";""
"ACTION";"PRICING";"AJUSTAR_PRECO_BAIXAR";"Sinal de preco acima do mercado";"Abaixar Preço";"Abaixar Preço para Maior Competitividade";"Sinal de preço acima do mercado.";"Preco atual acima da media do mercado. Reduzir em {discount_pct} para ficar competitivo.";"Aplicar o preco-alvo com piso de contribuicao para proteger margem.";"Abrir simulador";"Preço";"pricing_action";"";"";"";"";""
"ACTION";"PRICING";"AJUSTAR_PRECO_SUBIR";"Sinal de preco baixo (margem)";"Aumentar Preço";"Aumentar Preço para Maior Margem";"Sinal de preço baixo (oportunidade de margem).";"Preco atual abaixo da media do mercado. Aumentar em {discount_pct} para capturar margem.";"Valide elasticidade e evite ruptura antes de aplicar.";"Abrir simulador";"Preço";"pricing_action";"";"";"";"";""
"ACTION";"PRICING";"BAIXAR_PRECO";"Recomendar reduzir preco";"Abaixar Preço";"Abaixar Preço para maior Competitividade";"Recomenda reduzir o preço para recuperar competitividade.";"Preco atual acima da media do mercado. Reduzir em {discount_pct} para ficar competitivo.";"Confira impacto em contribuição unitária e respeite o piso de preço.";"Abrir simulador";"Preço";"pricing_action";"";"";"";"";""
"ACTION";"PRICING";"SUBIR_PRECO";"Recomendar subir preco";"Aumentar Preço";"Aumentar Preço para Maior Margem";"Recomenda subir o preço para capturar margem.";"Preco atual abaixo da media do mercado. Aumentar em {discount_pct} para capturar margem.";"Valide contribuição unitária, risco de ruptura e resposta de demanda.";"Abrir simulador";"Preço";"pricing_action";"";"";"";"";""
"ACTION";"REPO";"AJUSTAR_ESTRATEGIA";"Acao operacional (index/actions)";"Ajustar estratégia";"Ajustar estratégia";"Ajuste operacional sugerido pelo Analytics.";"Reveja a estratégia (preço, compra, exposição) para este SKU.";"Use os impactos calculados e alertas para priorizar a ação certa.";"Abrir detalhes";"Geral";"action_needed";"";"";"";"";""
"ACTION";"REPO";"REVIEW_REPO_PRESSURE";"Pressao de reposicao/custo";"Revisar pressão de reposição";"Revisar pressão de reposição";"Pressão de reposição/custo pode estar afetando margem e estratégia.";"Revise custo de reposição e ajuste estratégia de preço/compras.";"Compare gap (R$ / %) e valide se o repasse é viável sem perder competitividade.";"Abrir análise de reposição";"Reposição";"action_needed";"";"";"";"";""
"ACTION";"RISK";"MONITORAR_RISCO";"Acao operacional (UI)";"Monitorar risco";"Monitorar risco";"Acompanhar sinais de risco e mudanças recentes.";"Monitore este SKU: risco pode mudar rapidamente com preço, demanda e estoque.";"Use alertas e tendências (janela curta) para decidir ajustes.";"Abrir painel de risco";"Risco";"risk_action";"";"";"";"";""
"ACTION";"RISK";"RISK::CAPITAL_IMOBILIZADO";"Risco capital parado";"Risco: Capital Imobilizado";"Capital Parado Rever Estratégia";"Risco capital parado";"Capital imobilizado elevado para o giro atual. Priorize saida com campanha/compra mais enxuta para liberar capital.";"Priorize saida com campanha/compra mais enxuta para liberar capital.";"Ver detalhes";"Risco";"risk_action";"";"";"";"";""
"ACTION";"RISK";"RISK::CONTRIB_APERTADA";"Risk flag: CONTRIB_APERTADA";"Risco: Contrib Apertada";"Margem de Contribuição Crítica";"Sinal de risco detectado: contrib apertada.";"Margem de contribuicao pressionada, risco de rentabilidade.";"Reveja preco e custos antes de expandir exposicao.";"Ver detalhes";"Risco";"risk_action";"";"";"";"";""
"ACTION";"RISK";"RISK::GIRO_CRITICO";"Giro critico";"Risco: Giro Crítico";"Giro do Produto Muito Baixo";"Giro critico";"Giro muito baixo para o nivel de estoque atual, risco de encalhe.";"Reforce tracao ou reduza exposicao para normalizar cobertura.";"Ver detalhes";"Risco";"risk_action";"";"";"";"";""
"ACTION";"RISK";"RISK::MERCADO_FRACO";"Mercado fraco";"Risco: Mercado Fraco";"Pouca Informação de Mercado";"Mercado fraco";"Sinal de mercado fraco, referencias de preco sao pouco confiaveis.";"Evite ajustes agressivos ate melhorar cobertura de dados/concorrencia.";"Ver detalhes";"Risco";"risk_action";"";"";"";"";""
"ACTION";"RISK";"RISK::MERCADO_VOLATIL";"Risk flag: MERCADO_VOLATIL";"Risco: Mercado Volátil";"Mercado Está Variando (Spike)";"Sinal de risco detectado: mercado volátil.";"Mercado volatil, variacao rapida de preco/demanda.";"Ajuste em ciclos curtos e monitore resposta.";"Ver detalhes";"Risco";"risk_action";"";"";"";"";""
"ACTION";"RISK";"RISK::PROMO_SPIKE";"Risk flag: PROMO_SPIKE";"Risco: Promo Spike";"Spike de Promoção";"Sinal de risco detectado: promo spike.";"Spike de promocao detectado, risco de leitura distorcida.";"Aguarde estabilizar antes de decisoes estruturais.";"Ver detalhes";"Risco";"risk_action";"";"";"";"";""
"ACTION";"RISK";"RISK::RISCO_DEPRECIA_MERCADO";"Risk flag: RISCO_DEPRECIA_MERCADO";"Risco: Risco Deprecia Mercado";"Mercado Está Depreciando";"Sinal de risco detectado: risco deprecia mercado.";"Preco de mercado em queda, risco de desvalorizacao.";"Ajuste para preservar competitividade sem comprometer margem.";"Ver detalhes";"Risco";"risk_action";"";"";"";"";""
"ACTION";"RISK";"RISK::SUMMARY";"Resumo de risco";"Resumo de risco";"Resumo de risco";"Visão consolidada dos principais riscos.";"Conjunto de riscos detectados para este SKU.";"Revise as flags e priorize as acoes com maior impacto.";"Ver detalhes";"Risco";"risk_action";"";"";"";"";""
"ACTION";"RISK";"RISK::DATA_CONFIDENCE_RISK";"Risk flag: DATA_CONFIDENCE_RISK";"Risco: Confiabilidade de Dados";"Risco: Confiabilidade de Dados";"Decisao exige revisao por falta de dados confiaveis.";"Priorize revisao humana e melhoria de dados antes de automatizar.";"Use sinais de cobertura/confianca como guia.";"Ver detalhes";"Risco";"risk_action";"";"";"";"";""
"ACTION";"RISK";"RISK::MARGIN_EXECUTION_RISK";"Risk flag: MARGIN_EXECUTION_RISK";"Risco: Execucao de Margem";"Risco: Execucao de Margem";"Risco de erosao de margem na execucao real.";"Revise desconto e disciplina de preco antes de acoes agressivas.";"Use gaps de margem realizada vs oficial como referencia.";"Ver detalhes";"Risco";"risk_action";"";"";"";"";""
"ACTION";"RISK";"RISK::DISCOUNT_WASTE_RISK";"Risk flag: DISCOUNT_WASTE_RISK";"Risco: Desconto Ineficiente";"Risco: Desconto Ineficiente";"Sinal de desconto com baixo retorno (erosao sem tracao).";"Evite desconto agressivo e busque taticas alternativas.";"Valide efetividade historica e confianca do sinal.";"Ver detalhes";"Risco";"risk_action";"";"";"";"";""
"ACTION";"RISK";"RISK::COMPETITIVE_MISREACTION_RISK";"Risk flag: COMPETITIVE_MISREACTION_RISK";"Risco: Reacao Competitiva";"Risco: Reacao Competitiva";"Risco de reagir ao mercado com sinal fraco/conflitante.";"Revise cobertura de concorrencia e sinais de execucao antes de ajustar preco.";"Use forca de mercado e response proxy como guardrails.";"Ver detalhes";"Risco";"risk_action";"";"";"";"";""
"ACTION";"RISK";"RISK::AUTOMATION_DECISION_RISK";"Risk flag: AUTOMATION_DECISION_RISK";"Risco: Automacao de Decisao";"Risco: Automacao de Decisao";"Caso requer cautela/revisao humana para evitar automatizacao indevida.";"Priorize revisao e revalide sinais criticos antes de executar.";"Use actionability/review_required como base.";"Ver detalhes";"Risco";"risk_action";"";"";"";"";""
"ACTION";"RISK";"RISK::CAPITAL_LOCK_RISK";"Risk flag: CAPITAL_LOCK_RISK";"Risco: Capital Travado";"Risco: Capital Travado";"Capital esta preso em estoque com necessidade de alivio.";"Priorize acoes de liberacao de capital e revisao de compras.";"Use DOS, giro e capital empatado como guia.";"Ver detalhes";"Risco";"risk_action";"";"";"";"";""
"ACTION";"RISK";"RISK::AGING_STOCK_RISK";"Risk flag: AGING_STOCK_RISK";"Risco: Envelhecimento de Estoque";"Risco: Envelhecimento de Estoque";"Estoque envelhecido/estagnado com risco elevado.";"Avalie saida (outlet/liquidacao) vs reativacao seletiva.";"Use aging/stagnation e bias de estoque como referencia.";"Ver detalhes";"Risco";"risk_action";"";"";"";"";""
"ACTION";"RISK";"RISK::AUTOMATION_DECISION_RISK_STOCK";"Risk flag: AUTOMATION_DECISION_RISK_STOCK";"Risco: Automacao Estoque";"Risco: Automacao Estoque";"Cautela na automacao de taticas de estoque.";"Validar bias e risco de estoque antes de automatizar.";"Use stock_action_bias e stock_action_risk_level.";"Ver detalhes";"Risco";"risk_action";"";"";"";"";""
"ACTION";"STOCK";"OVERSTOCK_ACTIONS";"Overstock/cobertura excessiva";"Reduzir Overstock e Liberar Capital";"Reduzir Overstock e Liberar Capital";"Cobertura excessiva: risco de capital parado.";"Cobertura excessiva, estoque parado esta imobilizando capital.";"Ative acoes para reduzir o excesso (campanha, bundle, ajuste de compra).";"Abrir ações de overstock";"Overstock";"market_turnover";"";"";"";"";""
"ACTION";"STOCK";"RUPTURA_GUARDRAILS";"Guardrails de ruptura";"Proteger contra ruptura";"Proteger contra ruptura";"Guardrails de ruptura para evitar perda de venda.";"Cobertura baixa, risco de ruptura e perda de venda.";"Ajuste reposicao e proteja a disponibilidade.";"Abrir guardrails";"Ruptura";"market_turnover";"";"";"";"";""
"ACTION_TAG";"";"CAMPAIGN";"Token que pode aparecer em recommendation.actions/tags";"Campanha";"";"";"";"";"";"Campanha";"campaign_action";"";"";"";"";""
"ACTION_TAG";"";"DATA_QUALITY";"Token que pode aparecer em recommendation.actions/tags";"Dados";"";"";"";"";"";"Dados";"diagnostic_trace";"";"";"";"";""
"ACTION_TAG";"";"HIGH";"Token que pode aparecer em recommendation.actions/tags";"Alta confiança";"";"";"";"";"";"Alta confiança";"diagnostic_trace";"";"";"";"";""
"ACTION_TAG";"";"MEDIUM";"Token que pode aparecer em recommendation.actions/tags";"Média confiança";"";"";"";"";"";"Média confiança";"diagnostic_trace";"";"";"";"";""
"ACTION_TAG";"";"PORTFOLIO";"Token que pode aparecer em recommendation.actions/tags";"Portfólio";"";"";"";"";"";"Portfólio";"classification_action";"";"";"";"";""
"ACTION_TAG";"";"PRICING";"Token que pode aparecer em recommendation.actions/tags";"Preço";"";"";"";"";"";"Preço";"pricing_action";"";"";"";"";""
"ACTION_TAG";"";"REPO";"Token que pode aparecer em recommendation.actions/tags";"Reposição";"";"";"";"";"";"Reposição";"action_needed";"";"";"";"";""
"ACTION_TAG";"";"RISK";"Token que pode aparecer em recommendation.actions/tags";"Risco";"";"";"";"";"";"Risco";"risk_action";"";"";"";"";""
"ACTION_TAG";"";"STOCK";"Token que pode aparecer em recommendation.actions/tags";"Estoque";"";"";"";"";"";"Estoque";"market_turnover";"";"";"";"";""
"ALERT";"";"capital_imobilizado";"Alert code (alerts_semantic)";"Capital imobilizado";"";"";"";"";"";"Capital parado";"risk_action";"critical";"";"";"";""
"ALERT";"";"estoque_parado";"Estoque parado";"Estoque parado";"";"";"";"";"";"Estoque parado";"market_turnover";"warning";"";"";"";""
"ALERT";"";"giro_critico";"Giro critico";"Giro crítico";"";"";"";"";"";"Giro crítico";"market_turnover";"warning";"";"";"";""
"ALERT";"";"margem_apertada";"Alert code (alerts_semantic)";"Margem apertada";"";"";"";"";"";"Margem apertada";"market_margin";"warning";"";"";"";""
"ALERT";"";"overstock";"Cobertura excessiva / overstock";"Cobertura excessiva (overstock)";"";"";"";"";"";"Overstock";"market_turnover";"warning";"";"";"";""
"ALERT";"";"price_above_market";"Preco acima do mercado";"Preço acima do mercado";"";"";"";"";"";"Preço Acima de Mercado";"market_price_avg";"critical";"";"";"";""
"ALERT";"";"price_below_market";"Preco abaixo do mercado";"Preço abaixo do mercado";"";"";"";"";"";"Preço Abaixo de Mercado";"market_margin";"critical";"";"";"";""
"ALERT_ALIAS";"";"overstock_risk";"Alias de alert_code (backend normalize_alert_code)";"";"";"";"";"";"";"";"";"";"Alias ? overstock";"";"";""
"ALERT_ALIAS";"";"stale_stock";"Alias de alert_code (backend normalize_alert_code)";"";"";"";"";"";"";"";"";"";"Alias ? estoque_parado";"";"";""
"ALERT_ALIAS";"";"automation_decision_risk";"Alias de risk flag emitida em diagnosis.alerts.active";"";"";"";"";"";"";"";"";"";"Alias ? RISK::AUTOMATION_DECISION_RISK";"";"";""
"ALERT_ALIAS";"";"automation_decision_risk_stock";"Alias de risk flag emitida em diagnosis.alerts.active";"";"";"";"";"";"";"";"";"";"Alias ? RISK::AUTOMATION_DECISION_RISK_STOCK";"";"";""
"ALERT_ALIAS";"";"competitive_misreaction_risk";"Alias de risk flag emitida em diagnosis.alerts.active";"";"";"";"";"";"";"";"";"";"Alias ? RISK::COMPETITIVE_MISREACTION_RISK";"";"";""
"ALERT_ALIAS";"";"mercado_fraco";"Alias de risk flag emitida em diagnosis.alerts.active";"";"";"";"";"";"";"";"";"";"Alias ? RISK::MERCADO_FRACO";"";"";""
"DOMAIN";"";"CAMPAIGN";"Campanhas/outlet/liquidacao";"Campanhas";"Campanhas";"";"";"";"";"";"";"";"";"";"";""
"DOMAIN";"";"DATA_QUALITY";"Qualidade/cobertura de dados";"Classificacao";"Classificacao";"";"";"";"";"";"";"";"";"";"";""
"DOMAIN";"";"GENERIC";"Fallback/nao classificado";"Geral";"Geral";"";"";"";"";"";"";"";"";"";"";""
"DOMAIN";"";"PORTFOLIO";"Papel/decisao de portfolio";"Portfólio";"Portfólio";"";"";"";"";"";"";"";"";"";"";""
"DOMAIN";"";"PRICING";"Ajuste de preco/competitividade";"Preço & Competitividade";"Preço & Competitividade";"";"";"";"";"";"";"";"";"";"";""
"DOMAIN";"";"REPO";"Reposicao/custo reposicao";"Reposição";"Reposição";"";"";"";"";"";"";"";"";"";"";""
"DOMAIN";"";"RISK";"Diagnosticos de risco (capital/giro/mercado)";"Risco";"Risco";"";"";"";"";"";"";"";"";"";"";""
"DOMAIN";"";"STOCK";"Estoque/cobertura/ruptura";"Estoque";"Estoque";"";"";"";"";"";"";"";"";"";"";""
"ICON";"";"action_needed";"Icon key (UI assets)";"Ação necessária";"";"";"";"";"";"";"";"";"";"";"";"frontend/apps/web/src/assets/insights/action_needed.svg"
"ICON";"";"campaign";"Icon key (UI assets)";"Campanha";"";"";"";"";"";"";"";"";"";"";"";"frontend/apps/web/src/assets/insights/campaign.svg"
"ICON";"";"campaign_action";"Icon key (UI assets)";"Ação de campanha";"";"";"";"";"";"";"";"";"";"";"";"frontend/apps/web/src/assets/insights/campaign_action.svg"
"ICON";"";"circle";"Icon key (UI assets)";"Indicador (círculo)";"";"";"";"";"";"";"";"";"";"";"";"frontend/apps/web/src/assets/insights/circle.svg"
"ICON";"";"classification";"Icon key (UI assets)";"Classificação";"";"";"";"";"";"";"";"";"";"";"";"frontend/apps/web/src/assets/insights/classification.svg"
"ICON";"";"classification_action";"Icon key (UI assets)";"Ação de portfólio";"";"";"";"";"";"";"";"";"";"";"";"frontend/apps/web/src/assets/insights/classification_action.svg"
"ICON";"";"diagnostic";"Icon key (UI assets)";"Diagnóstico";"";"";"";"";"";"";"";"";"";"";"";"frontend/apps/web/src/assets/insights/diagnostic.svg"
"ICON";"";"diagnostic_trace";"Icon key (UI assets)";"Diagnóstico / rastreio";"";"";"";"";"";"";"";"";"";"";"";"frontend/apps/web/src/assets/insights/diagnostic_trace.svg"
"ICON";"";"guardrail_discount";"Icon key (UI assets)";"Guardrail de desconto";"";"";"";"";"";"";"";"";"";"";"";"frontend/apps/web/src/assets/insights/guardrail_discount.svg"
"ICON";"";"guardrail_floor";"Icon key (UI assets)";"Piso de preço (guardrail)";"";"";"";"";"";"";"";"";"";"";"";"frontend/apps/web/src/assets/insights/guardrail_floor.svg"
"ICON";"";"high_confidence";"Icon key (UI assets)";"Alta confiança";"";"";"";"";"";"";"";"";"";"";"";"frontend/apps/web/src/assets/insights/high_confidence.svg"
"ICON";"";"low_confidence";"Icon key (UI assets)";"Baixa confiança";"";"";"";"";"";"";"";"";"";"";"";"frontend/apps/web/src/assets/insights/low_confidence.svg"
"ICON";"";"market_margin";"Icon key (UI assets)";"Margem";"";"";"";"";"";"";"";"";"";"";"";"frontend/apps/web/src/assets/insights/market_margin.svg"
"ICON";"";"market_price_avg";"Icon key (UI assets)";"Preço de mercado (média)";"";"";"";"";"";"";"";"";"";"";"";"frontend/apps/web/src/assets/insights/market_price_avg.svg"
"ICON";"";"market_turnover";"Icon key (UI assets)";"Giro / estoque";"";"";"";"";"";"";"";"";"";"";"";"frontend/apps/web/src/assets/insights/market_turnover.svg"
"ICON";"";"medium_confidence";"Icon key (UI assets)";"Média confiança";"";"";"";"";"";"";"";"";"";"";"";"frontend/apps/web/src/assets/insights/medium_confidence.svg"
"ICON";"";"portfolio";"Icon key (UI assets)";"Portfólio";"";"";"";"";"";"";"";"";"";"";"";"frontend/apps/web/src/assets/insights/portfolio.svg"
"ICON";"";"pricing";"Icon key (UI assets)";"Preço";"";"";"";"";"";"";"";"";"";"";"";"frontend/apps/web/src/assets/insights/pricing.svg"
"ICON";"";"pricing_action";"Icon key (UI assets)";"Ação de preço";"";"";"";"";"";"";"";"";"";"";"";"frontend/apps/web/src/assets/insights/pricing_action.svg"
"ICON";"";"prune_action";"Icon key (UI assets)";"Ação de racionalização";"";"";"";"";"";"";"";"";"";"";"";"frontend/apps/web/src/assets/insights/prune_action.svg"
"ICON";"";"recommendation";"Icon key (UI assets)";"Recomendação";"";"";"";"";"";"";"";"";"";"";"";"frontend/apps/web/src/assets/insights/recommendation.svg"
"ICON";"";"risk";"Icon key (UI assets)";"Risco";"";"";"";"";"";"";"";"";"";"";"";"frontend/apps/web/src/assets/insights/risk.svg"
"ICON";"";"risk_action";"Icon key (UI assets)";"Ação de risco";"";"";"";"";"";"";"";"";"";"";"";"frontend/apps/web/src/assets/insights/risk_action.svg"
"IMPACT";"";"actionability";"Impact key (recommendation.impact)";"Acionabilidade";"";"";"";"";"";"";"";"";"Definir escala (backend) e regra de exibição na UI.";"number";"";""
"IMPACT";"";"bands";"Impact key (recommendation.impact)";"Bandas / faixas";"";"";"";"";"";"";"";"";"Estrutura de bandas (json). UI decide como renderizar (tabela/tooltip).";"json";"json";""
"IMPACT";"";"bands_rationale";"Impact key (recommendation.impact)";"Justificativa das bandas";"";"";"";"";"";"";"";"";"Racional das bandas (json). UI pode exibir como tooltip/explicação.";"json";"json";""
"IMPACT";"";"capital_tied_rs";"Impact key (recommendation.impact)";"Capital imobilizado (R$)";"";"";"";"";"";"";"";"";"Formato: moeda (R$).";"number";"BRL";""
"IMPACT";"";"confidence_tier";"Impact key (recommendation.impact)";"Confiança dos dados";"";"";"";"";"";"";"";"";"Exibir como chip: Alta/Média/Baixa.";"string";"enum(HIGH/MEDIUM/LOW)";""
"IMPACT";"";"contrib_unit_current";"Impact key (recommendation.impact)";"Contribuição unitária (atual)";"";"";"";"";"";"";"";"";"R$ por unidade.";"number";"BRL";""
"IMPACT";"";"contrib_unit_target";"Impact key (recommendation.impact)";"Contribuição unitária (alvo)";"";"";"";"";"";"";"";"";"R$ por unidade.";"number";"BRL";""
"IMPACT";"";"coverage_ratio";"Impact key (recommendation.impact)";"Cobertura de dados";"";"";"";"";"";"";"";"";"Percentual (0–100).";"number";"pct(0..100)";""
"IMPACT";"";"custo_medio";"Impact key (recommendation.impact)";"Custo médio";"";"";"";"";"";"";"";"";"Formato: moeda (R$).";"number";"BRL";""
"IMPACT";"";"custo_variavel";"Impact key (recommendation.impact)";"Custo variável";"";"";"";"";"";"";"";"";"Formato: moeda (R$).";"number";"BRL";""
"IMPACT";"";"data_quality_score";"Impact key (recommendation.impact)";"Score de qualidade de dados";"";"";"";"";"";"";"";"";"Percentual (0–100).";"number";"pct(0..100)";""
"IMPACT";"";"delta_contrib_unit";"Impact key (recommendation.impact)";"Variação de contribuição unitária";"";"";"";"";"";"";"";"";"Formato: moeda (R$).";"number";"BRL";""
"IMPACT";"";"delta_contrib_unit_pct";"Impact key (recommendation.impact)";"Variação de contribuição unitária (%)";"";"";"";"";"";"";"";"";"Formato: percentual.";"number";"pct(0..100)";""
"IMPACT";"";"delta_price";"Impact key (recommendation.impact)";"Variação de preço";"";"";"";"";"";"";"";"";"Formato: moeda (R$).";"number";"BRL";""
"IMPACT";"";"delta_price_pct";"Impact key (recommendation.impact)";"Variação de preço (%)";"";"";"";"";"";"";"";"";"Formato: percentual.";"number";"pct(0..100)";""
"IMPACT";"";"demanda_diaria";"Impact key (recommendation.impact)";"Demanda diária (un/dia)";"";"";"";"";"";"";"";"";"Decimal.";"number";"un/dia";""
"IMPACT";"";"dos";"Impact key (recommendation.impact)";"DOS (dias de estoque)";"";"";"";"";"";"";"";"";"Inteiro (dias).";"number";"dias";""
"IMPACT";"";"estoque_un";"Impact key (recommendation.impact)";"Estoque atual (un)";"";"";"";"";"";"";"";"";"Inteiro.";"number";"un";""
"IMPACT";"";"executive_summary";"Impact key (recommendation.impact)";"Resumo executivo";"";"";"";"";"";"";"";"";"Texto curto para hero/tooltip.";"string";"-";""
"IMPACT";"";"giro";"Impact key (recommendation.impact)";"Giro";"";"";"";"";"";"";"";"";"Decimal.";"number";"ratio";""
"IMPACT";"";"gmroi";"Impact key (recommendation.impact)";"GMROI";"";"";"";"";"";"";"";"";"Decimal.";"number";"ratio";""
"IMPACT";"";"has_sales";"Impact key (recommendation.impact)";"Há vendas na janela";"";"";"";"";"";"";"";"";"Exibir sim/não.";"boolean";"-";""
"IMPACT";"";"kpi_hint";"Impact key (recommendation.impact)";"Dica de KPI";"";"";"";"";"";"";"";"";"Texto auxiliar para UI (opcional).";"string";"-";""
"IMPACT";"";"max_discount_pct";"Impact key (recommendation.impact)";"Desconto máximo (%)";"";"";"";"";"";"";"";"";"Guardrail de desconto.";"number";"pct(0..100)";""
"IMPACT";"";"max_discount_rs";"Impact key (recommendation.impact)";"Desconto máximo (R$)";"";"";"";"";"";"";"";"";"Guardrail de desconto.";"number";"BRL";""
"IMPACT";"";"missing_months";"Impact key (recommendation.impact)";"Meses faltantes";"";"";"";"";"";"";"";"";"Inteiro (0–6/12 conforme janela).";"number";"meses";""
"IMPACT";"";"notes";"Impact key (recommendation.impact)";"Observações";"";"";"";"";"";"";"";"";"Texto livre.";"string";"-";""
"IMPACT";"";"overstock_capital_free_rs";"Impact key (recommendation.impact)";"Capital liberável (R$)";"";"";"";"";"";"";"";"";"Formato: moeda (R$).";"number";"BRL";""
"IMPACT";"";"overstock_excess_un";"Impact key (recommendation.impact)";"Excesso de estoque (un)";"";"";"";"";"";"";"";"";"Inteiro.";"number";"un";""
"IMPACT";"";"pme_dias";"Impact key (recommendation.impact)";"PME (dias)";"";"";"";"";"";"";"";"";"Inteiro (dias).";"number";"dias";""
"IMPACT";"";"price_current";"Impact key (recommendation.impact)";"Preço atual";"";"";"";"";"";"";"";"";"Formato: moeda (R$).";"number";"BRL";""
"IMPACT";"";"price_floor_contrib0";"Impact key (recommendation.impact)";"Piso de preço (contribuição = 0)";"";"";"";"";"";"";"";"";"Guardrail: não cruzar abaixo.";"number";"BRL";""
"IMPACT";"";"price_market_mean";"Impact key (recommendation.impact)";"Média de mercado";"";"";"";"";"";"";"";"";"Formato: moeda (R$).";"number";"BRL";""
"IMPACT";"";"price_target";"Impact key (recommendation.impact)";"Preço-alvo";"";"";"";"";"";"";"";"";"Formato: moeda (R$).";"number";"BRL";""
"IMPACT";"";"repo_gap_pct";"Impact key (recommendation.impact)";"Gap reposição (%)";"";"";"";"";"";"";"";"";"Percentual.";"number";"pct(0..100)";""
"IMPACT";"";"repo_gap_rs";"Impact key (recommendation.impact)";"Gap reposição (R$)";"";"";"";"";"";"";"";"";"Formato: moeda (R$).";"number";"BRL";""
"IMPACT";"";"ruptura_investment_rs";"Impact key (recommendation.impact)";"Investimento para evitar ruptura (R$)";"";"";"";"";"";"";"";"";"Formato: moeda (R$).";"number";"BRL";""
"IMPACT";"";"ruptura_lack_un";"Impact key (recommendation.impact)";"Falta para evitar ruptura (un)";"";"";"";"";"";"";"";"";"Inteiro.";"number";"un";""
"IMPACT";"";"score";"Impact key (recommendation.impact)";"Score";"";"";"";"";"";"";"";"";"Definir escala (ex.: 0–100) conforme domínio.";"number";"";""
"IMPACT";"";"sell_through";"Impact key (recommendation.impact)";"Sell-through";"";"";"";"";"";"";"";"";"Definir cálculo/escala no backend.";"number";"ratio";""
"IMPACT";"";"target_stock_30d_un";"Impact key (recommendation.impact)";"Estoque-alvo 30d (un)";"";"";"";"";"";"";"";"";"Inteiro.";"number";"un";""
"IMPACT";"";"target_stock_90d_un";"Impact key (recommendation.impact)";"Estoque-alvo 90d (un)";"";"";"";"";"";"";"";"";"Inteiro.";"number";"un";""
"IMPACT";"";"urgency";"Impact key (recommendation.impact)";"Urgência";"";"";"";"";"";"";"";"";"Pode vir como enum/score. padronizar (ex.: LOW/MEDIUM/HIGH).";"string";"";""
"IMPACT";"";"window_months";"Impact key (recommendation.impact)";"Janela (meses)";"";"";"";"";"";"";"";"";"Inteiro (ex.: 6/3).";"number";"meses";""
"TAG";"";"COBERTURA_DADOS";"Quando impact.coverage_ratio existir";"Cobertura de dados";"";"";"";"";"";"Cobertura de dados";"diagnostic_trace";"";"";"";"";""
"TAG";"";"CONFIANCA_DADOS";"Quando impact.confidence_tier existir";"Confiança";"";"";"";"";"";"Confiança";"diagnostic_trace";"";"";"";"";""
"TAG";"";"DESCONTO_MAX";"Quando impact.max_discount_pct existir";"Desconto máx.";"";"";"";"";"";"Desconto máx.";"guardrail_discount";"";"";"";"";""
"TAG";"";"DOS";"Quando impact.dos existir";"DOS";"";"";"";"";"";"DOS";"market_turnover";"";"";"";"";""
"TAG";"";"GIRO";"Quando impact.giro existir";"Giro";"";"";"";"";"";"Giro";"market_turnover";"";"";"";"";""
"TAG";"";"GMROI";"Quando impact.gmroi existir";"GMROI";"";"";"";"";"";"GMROI";"market_margin";"";"";"";"";""
"TAG";"";"PISO_DE_PRECO";"Quando impact.price_floor_contrib0 existir";"Piso de preço";"";"";"";"";"";"Piso de preço";"guardrail_floor";"";"";"";"";""
"TAG";"";"PME_DIAS";"Quando impact.pme_dias existir";"PME";"";"";"";"";"";"PME";"market_turnover";"";"";"";"";""
"TAG";"";"PRECO_ALVO";"Quando impact.price_target existir";"Preço-alvo";"";"";"";"";"";"Preço-alvo";"market_price_avg";"";"";"";"";""

"ALERT_ALIAS";"";"AUTOMATION_DECISION_RISK";"Alias de risk flag emitida em diagnosis.alerts.active";"";"";"";"";"";"";"";"";"";"Alias -> RISK::AUTOMATION_DECISION_RISK";"";"";""
"ALERT_ALIAS";"";"AUTOMATION_DECISION_RISK_STOCK";"Alias de risk flag emitida em diagnosis.alerts.active";"";"";"";"";"";"";"";"";"";"Alias -> RISK::AUTOMATION_DECISION_RISK_STOCK";"";"";""
"ALERT_ALIAS";"";"COMPETITIVE_MISREACTION_RISK";"Alias de risk flag emitida em diagnosis.alerts.active";"";"";"";"";"";"";"";"";"";"Alias -> RISK::COMPETITIVE_MISREACTION_RISK";"";"";""
"ALERT_ALIAS";"";"MERCADO_FRACO";"Alias de risk flag emitida em diagnosis.alerts.active";"";"";"";"";"";"";"";"";"";"Alias -> RISK::MERCADO_FRACO";"";"";""
"IMPACT";"";"CONTRIB_CALC_MODE";"Impact key (recommendation.impact)";"CONTRIB_CALC_MODE";"";"";"";"";"";"";"";"";"Impact technical key emitted by backend; UI can keep hidden.";"string";"-";""
"IMPACT";"";"CONTRIB_IS_FALLBACK";"Impact key (recommendation.impact)";"CONTRIB_IS_FALLBACK";"";"";"";"";"";"";"";"";"Impact technical key emitted by backend; UI can keep hidden.";"string";"-";""
"IMPACT";"";"GASTO_VARIAVEL_COVERAGE_MONTHS";"Impact key (recommendation.impact)";"GASTO_VARIAVEL_COVERAGE_MONTHS";"";"";"";"";"";"";"";"";"Impact technical key emitted by backend; UI can keep hidden.";"string";"-";""
"IMPACT";"";"GASTO_VARIAVEL_COVERAGE_MONTHS_12M";"Impact key (recommendation.impact)";"GASTO_VARIAVEL_COVERAGE_MONTHS_12M";"";"";"";"";"";"";"";"";"Impact technical key emitted by backend; UI can keep hidden.";"string";"-";""
"IMPACT";"";"GASTO_VARIAVEL_SOURCE";"Impact key (recommendation.impact)";"GASTO_VARIAVEL_SOURCE";"";"";"";"";"";"";"";"";"Impact technical key emitted by backend; UI can keep hidden.";"string";"-";""
"IMPACT";"";"GASTO_VARIAVEL_SOURCE_WINDOW_MONTHS";"Impact key (recommendation.impact)";"GASTO_VARIAVEL_SOURCE_WINDOW_MONTHS";"";"";"";"";"";"";"";"";"Impact technical key emitted by backend; UI can keep hidden.";"string";"-";""
"IMPACT";"";"GASTO_VARIAVEL_UN_12M";"Impact key (recommendation.impact)";"GASTO_VARIAVEL_UN_12M";"";"";"";"";"";"";"";"";"Impact technical key emitted by backend; UI can keep hidden.";"string";"-";""
"IMPACT";"";"GASTO_VARIAVEL_UN_6M";"Impact key (recommendation.impact)";"GASTO_VARIAVEL_UN_6M";"";"";"";"";"";"";"";"";"Impact technical key emitted by backend; UI can keep hidden.";"string";"-";""
"IMPACT";"";"INTELLIGENCE_DIAGNOSTICS";"Impact key (recommendation.impact)";"INTELLIGENCE_DIAGNOSTICS";"";"";"";"";"";"";"";"";"Impact technical key emitted by backend; UI can keep hidden.";"string";"-";""
"IMPACT";"";"PHASE_PLAN";"Impact key (recommendation.impact)";"PHASE_PLAN";"";"";"";"";"";"";"";"";"Impact technical key emitted by backend; UI can keep hidden.";"string";"-";""
"IMPACT";"";"PRICE_FLOOR_METHOD";"Impact key (recommendation.impact)";"PRICE_FLOOR_METHOD";"";"";"";"";"";"";"";"";"Impact technical key emitted by backend; UI can keep hidden.";"string";"-";""
"IMPACT";"";"VARIABLE_COST_SOURCE";"Impact key (recommendation.impact)";"VARIABLE_COST_SOURCE";"";"";"";"";"";"";"";"";"Impact technical key emitted by backend; UI can keep hidden.";"string";"-";""
"IMPACT";"";"VARIABLE_COST_UNIT_EFFECTIVE";"Impact key (recommendation.impact)";"VARIABLE_COST_UNIT_EFFECTIVE";"";"";"";"";"";"";"";"";"Impact technical key emitted by backend; UI can keep hidden.";"string";"-";""
"IMPACT";"";"WHY_NARRATIVE";"Impact key (recommendation.impact)";"WHY_NARRATIVE";"";"";"";"";"";"";"";"";"Impact technical key emitted by backend; UI can keep hidden.";"string";"-";""
"TAG";"";"CAMPAIGN_PREMIUM_POSITION";"Reason token code emitted by backend";"CAMPAIGN_PREMIUM_POSITION";"";"";"";"";"";"CAMPAIGN_PREMIUM_POSITION";"diagnostic_trace";"";"Reason token code (no-fake, allow empty).";"string";"-";""
"TAG";"";"CAMPAIGN_WHILE_UNDER_MARKET";"Reason token code emitted by backend";"CAMPAIGN_WHILE_UNDER_MARKET";"";"";"";"";"";"CAMPAIGN_WHILE_UNDER_MARKET";"diagnostic_trace";"";"Reason token code (no-fake, allow empty).";"string";"-";""
"TAG";"";"CONFIDENCE_TIER_LOW";"Reason token code emitted by backend";"CONFIDENCE_TIER_LOW";"";"";"";"";"";"CONFIDENCE_TIER_LOW";"diagnostic_trace";"";"Reason token code (no-fake, allow empty).";"string";"-";""
"TAG";"";"DISCOUNT_CEILING";"Reason token code emitted by backend";"DISCOUNT_CEILING";"";"";"";"";"";"DISCOUNT_CEILING";"diagnostic_trace";"";"Reason token code (no-fake, allow empty).";"string";"-";""
"TAG";"";"DOS_FALLING_SHORT";"Reason token code emitted by backend";"DOS_FALLING_SHORT";"";"";"";"";"";"DOS_FALLING_SHORT";"diagnostic_trace";"";"Reason token code (no-fake, allow empty).";"string";"-";""
"TAG";"";"DOS_HIGH";"Reason token code emitted by backend";"DOS_HIGH";"";"";"";"";"";"DOS_HIGH";"diagnostic_trace";"";"Reason token code (no-fake, allow empty).";"string";"-";""
"TAG";"";"DOS_LOW";"Reason token code emitted by backend";"DOS_LOW";"";"";"";"";"";"DOS_LOW";"diagnostic_trace";"";"Reason token code (no-fake, allow empty).";"string";"-";""
"TAG";"";"GAP_ABOVE_MARKET";"Reason token code emitted by backend";"GAP_ABOVE_MARKET";"";"";"";"";"";"GAP_ABOVE_MARKET";"diagnostic_trace";"";"Reason token code (no-fake, allow empty).";"string";"-";""
"TAG";"";"GMROI_LOW";"Reason token code emitted by backend";"GMROI_LOW";"";"";"";"";"";"GMROI_LOW";"diagnostic_trace";"";"Reason token code (no-fake, allow empty).";"string";"-";""
"TAG";"";"PME_HIGH";"Reason token code emitted by backend";"PME_HIGH";"";"";"";"";"";"PME_HIGH";"diagnostic_trace";"";"Reason token code (no-fake, allow empty).";"string";"-";""
"TAG";"";"REPO_GAP_HIGH";"Reason token code emitted by backend";"REPO_GAP_HIGH";"";"";"";"";"";"REPO_GAP_HIGH";"diagnostic_trace";"";"Reason token code (no-fake, allow empty).";"string";"-";""
"TAG";"";"RISK_BLOCKING";"Reason token code emitted by backend";"RISK_BLOCKING";"";"";"";"";"";"RISK_BLOCKING";"diagnostic_trace";"";"Reason token code (no-fake, allow empty).";"string";"-";""
"TAG";"";"RISK_FLAG";"Reason token code emitted by backend";"RISK_FLAG";"";"";"";"";"";"RISK_FLAG";"diagnostic_trace";"";"Reason token code (no-fake, allow empty).";"string";"-";""
"TAG";"";"ROLE_ENCALHE";"Reason token code emitted by backend";"ROLE_ENCALHE";"";"";"";"";"";"ROLE_ENCALHE";"diagnostic_trace";"";"Reason token code (no-fake, allow empty).";"string";"-";""
"TAG";"";"ROLE_MARGEM";"Reason token code emitted by backend";"ROLE_MARGEM";"";"";"";"";"";"ROLE_MARGEM";"diagnostic_trace";"";"Reason token code (no-fake, allow empty).";"string";"-";""
"TAG";"";"ROLE_OPORTUNIDADE";"Reason token code emitted by backend";"ROLE_OPORTUNIDADE";"";"";"";"";"";"ROLE_OPORTUNIDADE";"diagnostic_trace";"";"Reason token code (no-fake, allow empty).";"string";"-";""
"TAG";"";"ROLE_RISCO_CAPITAL";"Reason token code emitted by backend";"ROLE_RISCO_CAPITAL";"";"";"";"";"";"ROLE_RISCO_CAPITAL";"diagnostic_trace";"";"Reason token code (no-fake, allow empty).";"string";"-";""
"TAG";"";"ROLE_TRATOR";"Reason token code emitted by backend";"ROLE_TRATOR";"";"";"";"";"";"ROLE_TRATOR";"diagnostic_trace";"";"Reason token code (no-fake, allow empty).";"string";"-";""
"TAG";"";"DOMAIN_CONFLICT_STOCK_CAMPAIGN";"Value arbitration reason code";"DOMAIN_CONFLICT_STOCK_CAMPAIGN";"";"";"";"";"";"DOMAIN_CONFLICT_STOCK_CAMPAIGN";"diagnostic_trace";"";"Arbitration reason code (V3.1)";"string";"-";""
"TAG";"";"DOMAIN_CONFLICT_PRICE_CAMPAIGN";"Value arbitration reason code";"DOMAIN_CONFLICT_PRICE_CAMPAIGN";"";"";"";"";"";"DOMAIN_CONFLICT_PRICE_CAMPAIGN";"diagnostic_trace";"";"Arbitration reason code (V3.1)";"string";"-";""
"TAG";"";"RISK_OVERRIDE_OPPORTUNITY";"Value arbitration reason code";"RISK_OVERRIDE_OPPORTUNITY";"";"";"";"";"";"RISK_OVERRIDE_OPPORTUNITY";"diagnostic_trace";"";"Arbitration reason code (V3.1)";"string";"-";""
"TAG";"";"DATA_CONFIDENCE_BLOCK";"Value arbitration reason code";"DATA_CONFIDENCE_BLOCK";"";"";"";"";"";"DATA_CONFIDENCE_BLOCK";"diagnostic_trace";"";"Arbitration reason code (V3.1)";"string";"-";""
"TAG";"";"MARKET_SIGNAL_WEAK";"Value arbitration reason code";"MARKET_SIGNAL_WEAK";"";"";"";"";"";"MARKET_SIGNAL_WEAK";"diagnostic_trace";"";"Arbitration reason code (V3.1)";"string";"-";""
"TAG";"";"COMPETITOR_COVERAGE_LOW";"Value arbitration reason code";"COMPETITOR_COVERAGE_LOW";"";"";"";"";"";"COMPETITOR_COVERAGE_LOW";"diagnostic_trace";"";"Arbitration reason code (V3.1)";"string";"-";""
"TAG";"";"CAPITAL_DOMINANCE_TRIGGERED";"Value arbitration reason code";"CAPITAL_DOMINANCE_TRIGGERED";"";"";"";"";"";"CAPITAL_DOMINANCE_TRIGGERED";"diagnostic_trace";"";"Arbitration reason code (V3.1)";"string";"-";""
"TAG";"";"CAPITAL_IMMOBILIZED_HIGH";"Value arbitration reason code";"CAPITAL_IMMOBILIZED_HIGH";"";"";"";"";"";"CAPITAL_IMMOBILIZED_HIGH";"diagnostic_trace";"";"Arbitration reason code (V3.1)";"string";"-";""
"TAG";"";"AGING_STOCK_HIGH";"Value arbitration reason code";"AGING_STOCK_HIGH";"";"";"";"";"";"AGING_STOCK_HIGH";"diagnostic_trace";"";"Arbitration reason code (V3.1)";"string";"-";""
"TAG";"";"MARGIN_EXECUTION_HIGH";"Value arbitration reason code";"MARGIN_EXECUTION_HIGH";"";"";"";"";"";"MARGIN_EXECUTION_HIGH";"diagnostic_trace";"";"Arbitration reason code (V3.1)";"string";"-";""
"TAG";"";"DISCOUNT_WASTE_HIGH";"Value arbitration reason code";"DISCOUNT_WASTE_HIGH";"";"";"";"";"";"DISCOUNT_WASTE_HIGH";"diagnostic_trace";"";"Arbitration reason code (V3.1)";"string";"-";""
"TAG";"";"COMPETITIVE_ACTION_GUARDED";"Value arbitration reason code";"COMPETITIVE_ACTION_GUARDED";"";"";"";"";"";"COMPETITIVE_ACTION_GUARDED";"diagnostic_trace";"";"Arbitration reason code (V3.1)";"string";"-";""
"TAG";"";"AUTOMATION_GUARDRAIL_ACTIVE";"Value arbitration reason code";"AUTOMATION_GUARDRAIL_ACTIVE";"";"";"";"";"";"AUTOMATION_GUARDRAIL_ACTIVE";"diagnostic_trace";"";"Arbitration reason code (V3.1)";"string";"-";""
"TAG";"";"POLICY_OBJECTIVE_OVERRIDE";"Value arbitration reason code";"POLICY_OBJECTIVE_OVERRIDE";"";"";"";"";"";"POLICY_OBJECTIVE_OVERRIDE";"diagnostic_trace";"";"Arbitration reason code (V3.1)";"string";"-";""
"TAG";"";"MARGIN_DATA_INSUFFICIENT";"Value arbitration reason code";"MARGIN_DATA_INSUFFICIENT";"";"";"";"";"";"MARGIN_DATA_INSUFFICIENT";"diagnostic_trace";"";"Arbitration reason code (V3.1)";"string";"-";""
"TAG";"";"OPS_DATA_WEAK";"Value arbitration reason code";"OPS_DATA_WEAK";"";"";"";"";"";"OPS_DATA_WEAK";"diagnostic_trace";"";"Arbitration reason code (V3.1)";"string";"-";""
"TAG";"";"ROLE_CAPITAL_BURDEN";"Value arbitration reason code";"ROLE_CAPITAL_BURDEN";"";"";"";"";"";"ROLE_CAPITAL_BURDEN";"diagnostic_trace";"";"Arbitration reason code (V3.1)";"string";"-";""
"TAG";"";"ROLE_EXIT_CANDIDATE";"Value arbitration reason code";"ROLE_EXIT_CANDIDATE";"";"";"";"";"";"ROLE_EXIT_CANDIDATE";"diagnostic_trace";"";"Arbitration reason code (V3.1)";"string";"-";""
"TAG";"";"ROLE_RECOVERY_CANDIDATE";"Value arbitration reason code";"ROLE_RECOVERY_CANDIDATE";"";"";"";"";"";"ROLE_RECOVERY_CANDIDATE";"diagnostic_trace";"";"Arbitration reason code (V3.1)";"string";"-";""
"TAG";"";"ROLE_MARGIN_LEAK";"Value arbitration reason code";"ROLE_MARGIN_LEAK";"";"";"";"";"";"ROLE_MARGIN_LEAK";"diagnostic_trace";"";"Arbitration reason code (V3.1)";"string";"-";""
"TAG";"";"ROLE_CASH_GENERATOR";"Value arbitration reason code";"ROLE_CASH_GENERATOR";"";"";"";"";"";"ROLE_CASH_GENERATOR";"diagnostic_trace";"";"Arbitration reason code (V3.1)";"string";"-";""
"ALERT_ALIAS";"";"AGING_STOCK_RISK";"Alias de risk flag emitida em diagnosis.alerts.active";"";"";"";"";"";"";"";"";"";"Alias -> RISK::AGING_STOCK_RISK";"";"";""
"ALERT_ALIAS";"";"CAPITAL_LOCK_RISK";"Alias de risk flag emitida em diagnosis.alerts.active";"";"";"";"";"";"";"";"";"";"Alias -> RISK::CAPITAL_LOCK_RISK";"";"";""
"ALERT_ALIAS";"";"DATA_CONFIDENCE_RISK";"Alias de risk flag emitida em diagnosis.alerts.active";"";"";"";"";"";"";"";"";"";"Alias -> RISK::DATA_CONFIDENCE_RISK";"";"";""
"ALERT_ALIAS";"";"DISCOUNT_WASTE_RISK";"Alias de risk flag emitida em diagnosis.alerts.active";"";"";"";"";"";"";"";"";"";"Alias -> RISK::DISCOUNT_WASTE_RISK";"";"";""
"ALERT_ALIAS";"";"MARGIN_EXECUTION_RISK";"Alias de risk flag emitida em diagnosis.alerts.active";"";"";"";"";"";"";"";"";"";"Alias -> RISK::MARGIN_EXECUTION_RISK";"";"";""
"TAG";"";"AGING_HIGH";"Reason token code emitted by backend";"AGING_HIGH";"";"";"";"";"";"AGING_HIGH";"diagnostic_trace";"";"Reason token code (no-fake, allow empty).";"string";"-";""
"TAG";"";"ANALYST_REVIEW";"Reason token code emitted by backend";"ANALYST_REVIEW";"";"";"";"";"";"ANALYST_REVIEW";"diagnostic_trace";"";"Reason token code (no-fake, allow empty).";"string";"-";""
"TAG";"";"AUTO_READY";"Reason token code emitted by backend";"AUTO_READY";"";"";"";"";"";"AUTO_READY";"diagnostic_trace";"";"Reason token code (no-fake, allow empty).";"string";"-";""
"TAG";"";"CAMPAIGN_MARGIN_RISK_MED";"Reason token code emitted by backend";"CAMPAIGN_MARGIN_RISK_MED";"";"";"";"";"";"CAMPAIGN_MARGIN_RISK_MED";"diagnostic_trace";"";"Reason token code (no-fake, allow empty).";"string";"-";""
"TAG";"";"CAPITAL_RELIEF_NEED_HIGH";"Reason token code emitted by backend";"CAPITAL_RELIEF_NEED_HIGH";"";"";"";"";"";"CAPITAL_RELIEF_NEED_HIGH";"diagnostic_trace";"";"Reason token code (no-fake, allow empty).";"string";"-";""
"TAG";"";"DISCOUNT_CAUTION";"Reason token code emitted by backend";"DISCOUNT_CAUTION";"";"";"";"";"";"DISCOUNT_CAUTION";"diagnostic_trace";"";"Reason token code (no-fake, allow empty).";"string";"-";""
"TAG";"";"DQ_LOW";"Reason token code emitted by backend";"DQ_LOW";"";"";"";"";"";"DQ_LOW";"diagnostic_trace";"";"Reason token code (no-fake, allow empty).";"string";"-";""
"TAG";"";"PA_CAMPAIGN_MARGIN_RISK_HIGH";"Reason token code emitted by backend";"PA_CAMPAIGN_MARGIN_RISK_HIGH";"";"";"";"";"";"PA_CAMPAIGN_MARGIN_RISK_HIGH";"diagnostic_trace";"";"Reason token code (no-fake, allow empty).";"string";"-";""
"TAG";"";"PA_CAMPAIGN_MARGIN_RISK_MEDIUM";"Reason token code emitted by backend";"PA_CAMPAIGN_MARGIN_RISK_MEDIUM";"";"";"";"";"";"PA_CAMPAIGN_MARGIN_RISK_MEDIUM";"diagnostic_trace";"";"Reason token code (no-fake, allow empty).";"string";"-";""
"TAG";"";"PA_DISCOUNT_INEFFECTIVE";"Reason token code emitted by backend";"PA_DISCOUNT_INEFFECTIVE";"";"";"";"";"";"PA_DISCOUNT_INEFFECTIVE";"diagnostic_trace";"";"Reason token code (no-fake, allow empty).";"string";"-";""
"TAG";"";"PA_DISCOUNT_PRESSURE_HIGH";"Reason token code emitted by backend";"PA_DISCOUNT_PRESSURE_HIGH";"";"";"";"";"";"PA_DISCOUNT_PRESSURE_HIGH";"diagnostic_trace";"";"Reason token code (no-fake, allow empty).";"string";"-";""
"TAG";"";"PA_GIRO_WEAK";"Reason token code emitted by backend";"PA_GIRO_WEAK";"";"";"";"";"";"PA_GIRO_WEAK";"diagnostic_trace";"";"Reason token code (no-fake, allow empty).";"string";"-";""
"TAG";"";"PA_GMROI_WEAK";"Reason token code emitted by backend";"PA_GMROI_WEAK";"";"";"";"";"";"PA_GMROI_WEAK";"diagnostic_trace";"";"Reason token code (no-fake, allow empty).";"string";"-";""
"TAG";"";"PA_MARGIN_EXECUTION_STRONG";"Reason token code emitted by backend";"PA_MARGIN_EXECUTION_STRONG";"";"";"";"";"";"PA_MARGIN_EXECUTION_STRONG";"diagnostic_trace";"";"Reason token code (no-fake, allow empty).";"string";"-";""
"TAG";"";"PA_MARGIN_EXECUTION_WEAK";"Reason token code emitted by backend";"PA_MARGIN_EXECUTION_WEAK";"";"";"";"";"";"PA_MARGIN_EXECUTION_WEAK";"diagnostic_trace";"";"Reason token code (no-fake, allow empty).";"string";"-";""
"TAG";"";"PA_MARKET_SIGNAL_WEAK";"Reason token code emitted by backend";"PA_MARKET_SIGNAL_WEAK";"";"";"";"";"";"PA_MARKET_SIGNAL_WEAK";"diagnostic_trace";"";"Reason token code (no-fake, allow empty).";"string";"-";""
"TAG";"";"PA_PREMIUM_TOLERATED";"Reason token code emitted by backend";"PA_PREMIUM_TOLERATED";"";"";"";"";"";"PA_PREMIUM_TOLERATED";"diagnostic_trace";"";"Reason token code (no-fake, allow empty).";"string";"-";""
"TAG";"";"PA_PRICE_INTEGRITY_HIGH";"Reason token code emitted by backend";"PA_PRICE_INTEGRITY_HIGH";"";"";"";"";"";"PA_PRICE_INTEGRITY_HIGH";"diagnostic_trace";"";"Reason token code (no-fake, allow empty).";"string";"-";""
"TAG";"";"PA_PRICE_INTEGRITY_LOW";"Reason token code emitted by backend";"PA_PRICE_INTEGRITY_LOW";"";"";"";"";"";"PA_PRICE_INTEGRITY_LOW";"diagnostic_trace";"";"Reason token code (no-fake, allow empty).";"string";"-";""
"TAG";"";"PA_RESPONSE_LOW_SENSITIVITY";"Reason token code emitted by backend";"PA_RESPONSE_LOW_SENSITIVITY";"";"";"";"";"";"PA_RESPONSE_LOW_SENSITIVITY";"diagnostic_trace";"";"Reason token code (no-fake, allow empty).";"string";"-";""
"TAG";"";"PA_RESPONSE_PROXY_NO_SIGNAL";"Reason token code emitted by backend";"PA_RESPONSE_PROXY_NO_SIGNAL";"";"";"";"";"";"PA_RESPONSE_PROXY_NO_SIGNAL";"diagnostic_trace";"";"Reason token code (no-fake, allow empty).";"string";"-";""
"TAG";"";"PA_UNDERPRICING_LEAK";"Reason token code emitted by backend";"PA_UNDERPRICING_LEAK";"";"";"";"";"";"PA_UNDERPRICING_LEAK";"diagnostic_trace";"";"Reason token code (no-fake, allow empty).";"string";"-";""
"TAG";"";"RESPONSE_LOW_SENSITIVITY_CONTEXT";"Reason token code emitted by backend";"RESPONSE_LOW_SENSITIVITY_CONTEXT";"";"";"";"";"";"RESPONSE_LOW_SENSITIVITY_CONTEXT";"diagnostic_trace";"";"Reason token code (no-fake, allow empty).";"string";"-";""
"TAG";"";"STOCK_AGING_STOCK_SIGNAL";"Reason token code emitted by backend";"STOCK_AGING_STOCK_SIGNAL";"";"";"";"";"";"STOCK_AGING_STOCK_SIGNAL";"diagnostic_trace";"";"Reason token code (no-fake, allow empty).";"string";"-";""
"TAG";"";"STOCK_CAPITAL_RELIEF_NEED";"Reason token code emitted by backend";"STOCK_CAPITAL_RELIEF_NEED";"";"";"";"";"";"STOCK_CAPITAL_RELIEF_NEED";"diagnostic_trace";"";"Reason token code (no-fake, allow empty).";"string";"-";""
"TAG";"";"STOCK_GIRO_WEAK";"Reason token code emitted by backend";"STOCK_GIRO_WEAK";"";"";"";"";"";"STOCK_GIRO_WEAK";"diagnostic_trace";"";"Reason token code (no-fake, allow empty).";"string";"-";""
"TAG";"";"STOCK_LIQUIDACAO_PROGRESSIVA_PREFERRED";"Reason token code emitted by backend";"STOCK_LIQUIDACAO_PROGRESSIVA_PREFERRED";"";"";"";"";"";"STOCK_LIQUIDACAO_PROGRESSIVA_PREFERRED";"diagnostic_trace";"";"Reason token code (no-fake, allow empty).";"string";"-";""
"TAG";"";"STOCK_OUTLET_PREFERRED";"Reason token code emitted by backend";"STOCK_OUTLET_PREFERRED";"";"";"";"";"";"STOCK_OUTLET_PREFERRED";"diagnostic_trace";"";"Reason token code (no-fake, allow empty).";"string";"-";""
"TAG";"";"STOCK_RESPONSE_PROXY_NO_SIGNAL";"Reason token code emitted by backend";"STOCK_RESPONSE_PROXY_NO_SIGNAL";"";"";"";"";"";"STOCK_RESPONSE_PROXY_NO_SIGNAL";"diagnostic_trace";"";"Reason token code (no-fake, allow empty).";"string";"-";""
"TAG";"";"STOCK_REVIEW_REQUIRED";"Reason token code emitted by backend";"STOCK_REVIEW_REQUIRED";"";"";"";"";"";"STOCK_REVIEW_REQUIRED";"diagnostic_trace";"";"Reason token code (no-fake, allow empty).";"string";"-";""
"TAG";"";"STOCK_STAGNATION_SIGNAL";"Reason token code emitted by backend";"STOCK_STAGNATION_SIGNAL";"";"";"";"";"";"STOCK_STAGNATION_SIGNAL";"diagnostic_trace";"";"Reason token code (no-fake, allow empty).";"string";"-";""
"TAG";"";"STRUCTURAL_DISCOUNT_SIGNAL";"Reason token code emitted by backend";"STRUCTURAL_DISCOUNT_SIGNAL";"";"";"";"";"";"STRUCTURAL_DISCOUNT_SIGNAL";"diagnostic_trace";"";"Reason token code (no-fake, allow empty).";"string";"-";""
